img,id
001265.jpg,35
001430.jpg,35
012834.jpg,35
041171.jpg,35
041823.jpg,35
052547.jpg,35
071369.jpg,35
087722.jpg,35
101493.jpg,35
113930.jpg,35
133927.jpg,35
136309.jpg,35
140075.jpg,35
153974.jpg,35
154402.jpg,35
161094.jpg,35
001171.jpg,53
009811.jpg,53
020070.jpg,53
020730.jpg,53
031482.jpg,53
052389.jpg,53
053541.jpg,53
056296.jpg,53
071453.jpg,53
086773.jpg,53
095628.jpg,53
096788.jpg,53
097362.jpg,53
098284.jpg,53
100033.jpg,53
117314.jpg,53
122121.jpg,53
122535.jpg,53
133903.jpg,53
139126.jpg,53
143109.jpg,53
149346.jpg,53
154280.jpg,53
001352.jpg,61
011141.jpg,61
013091.jpg,61
019298.jpg,61
020728.jpg,61
028661.jpg,61
030250.jpg,61
037774.jpg,61
039738.jpg,61
039967.jpg,61
041523.jpg,61
049481.jpg,61
053433.jpg,61
062159.jpg,61
069677.jpg,61
074709.jpg,61
081713.jpg,61
095961.jpg,61
096104.jpg,61
099930.jpg,61
101307.jpg,61
103701.jpg,61
109283.jpg,61
110319.jpg,61
120628.jpg,61
121065.jpg,61
124256.jpg,61
136171.jpg,61
143301.jpg,61
001121.jpg,118
003495.jpg,118
003968.jpg,118
004289.jpg,118
004364.jpg,118
009873.jpg,118
015895.jpg,118
016063.jpg,118
018958.jpg,118
030412.jpg,118
041072.jpg,118
044234.jpg,118
045510.jpg,118
061563.jpg,118
063433.jpg,118
069328.jpg,118
073555.jpg,118
077522.jpg,118
082141.jpg,118
098510.jpg,118
099359.jpg,118
099894.jpg,118
101783.jpg,118
108142.jpg,118
127982.jpg,118
151523.jpg,118
160416.jpg,118
001176.jpg,139
004103.jpg,139
008320.jpg,139
014984.jpg,139
021174.jpg,139
025041.jpg,139
031015.jpg,139
058878.jpg,139
062612.jpg,139
075155.jpg,139
075262.jpg,139
082831.jpg,139
083088.jpg,139
092934.jpg,139
093081.jpg,139
094506.jpg,139
095020.jpg,139
123039.jpg,139
129168.jpg,139
134777.jpg,139
135766.jpg,139
141298.jpg,139
145373.jpg,139
156751.jpg,139
160469.jpg,139
162301.jpg,139
001106.jpg,225
028649.jpg,225
038597.jpg,225
055666.jpg,225
061463.jpg,225
075795.jpg,225
077769.jpg,225
104239.jpg,225
104823.jpg,225
112415.jpg,225
118832.jpg,225
119217.jpg,225
119327.jpg,225
122662.jpg,225
132686.jpg,225
133782.jpg,225
149912.jpg,225
152446.jpg,225
159244.jpg,225
001243.jpg,234
004348.jpg,234
011509.jpg,234
011721.jpg,234
017428.jpg,234
017653.jpg,234
021628.jpg,234
031975.jpg,234
036049.jpg,234
037157.jpg,234
041281.jpg,234
045396.jpg,234
048763.jpg,234
048804.jpg,234
054598.jpg,234
069085.jpg,234
069463.jpg,234
077881.jpg,234
079639.jpg,234
087630.jpg,234
088510.jpg,234
091168.jpg,234
091315.jpg,234
095305.jpg,234
110718.jpg,234
116544.jpg,234
117616.jpg,234
135193.jpg,234
141249.jpg,234
162371.jpg,234
001292.jpg,264
005214.jpg,264
022576.jpg,264
023873.jpg,264
029911.jpg,264
031767.jpg,264
048846.jpg,264
056899.jpg,264
058953.jpg,264
062499.jpg,264
077602.jpg,264
080500.jpg,264
087650.jpg,264
095906.jpg,264
098204.jpg,264
099155.jpg,264
100825.jpg,264
114838.jpg,264
118370.jpg,264
124750.jpg,264
134891.jpg,264
150450.jpg,264
161938.jpg,264
162008.jpg,264
001431.jpg,270
002401.jpg,270
006921.jpg,270
007223.jpg,270
029618.jpg,270
041647.jpg,270
041781.jpg,270
042170.jpg,270
045948.jpg,270
048526.jpg,270
076577.jpg,270
086673.jpg,270
087410.jpg,270
087636.jpg,270
091995.jpg,270
097209.jpg,270
097792.jpg,270
109389.jpg,270
122220.jpg,270
158200.jpg,270
160746.jpg,270
001148.jpg,303
009426.jpg,303
011312.jpg,303
023764.jpg,303
028146.jpg,303
032733.jpg,303
046238.jpg,303
047435.jpg,303
047646.jpg,303
068318.jpg,303
069687.jpg,303
075461.jpg,303
080970.jpg,303
083205.jpg,303
083823.jpg,303
084359.jpg,303
085693.jpg,303
086614.jpg,303
090815.jpg,303
091333.jpg,303
094008.jpg,303
100744.jpg,303
108569.jpg,303
109074.jpg,303
112269.jpg,303
139213.jpg,303
146978.jpg,303
151173.jpg,303
159906.jpg,303
160970.jpg,303
001246.jpg,336
001916.jpg,336
006821.jpg,336
012220.jpg,336
017751.jpg,336
022063.jpg,336
035734.jpg,336
036058.jpg,336
046767.jpg,336
072089.jpg,336
077515.jpg,336
088821.jpg,336
108885.jpg,336
110776.jpg,336
119016.jpg,336
128064.jpg,336
129778.jpg,336
130488.jpg,336
142126.jpg,336
160988.jpg,336
001181.jpg,359
006371.jpg,359
011811.jpg,359
016160.jpg,359
020843.jpg,359
021003.jpg,359
033444.jpg,359
045651.jpg,359
051600.jpg,359
056652.jpg,359
057695.jpg,359
059359.jpg,359
062207.jpg,359
064090.jpg,359
064963.jpg,359
072367.jpg,359
078596.jpg,359
091361.jpg,359
093796.jpg,359
107280.jpg,359
114442.jpg,359
126529.jpg,359
131816.jpg,359
135065.jpg,359
136746.jpg,359
140182.jpg,359
148087.jpg,359
149866.jpg,359
157815.jpg,359
001227.jpg,366
007773.jpg,366
015038.jpg,366
046698.jpg,366
059304.jpg,366
061588.jpg,366
070100.jpg,366
074071.jpg,366
076771.jpg,366
077144.jpg,366
078338.jpg,366
078843.jpg,366
081957.jpg,366
088657.jpg,366
125974.jpg,366
127943.jpg,366
135788.jpg,366
141906.jpg,366
143880.jpg,366
144824.jpg,366
161117.jpg,366
001219.jpg,442
007857.jpg,442
008030.jpg,442
008798.jpg,442
009002.jpg,442
010854.jpg,442
013435.jpg,442
017261.jpg,442
022024.jpg,442
031879.jpg,442
039440.jpg,442
040978.jpg,442
047230.jpg,442
051678.jpg,442
065649.jpg,442
068104.jpg,442
074305.jpg,442
074377.jpg,442
093005.jpg,442
106744.jpg,442
110249.jpg,442
115934.jpg,442
116502.jpg,442
124354.jpg,442
126373.jpg,442
133663.jpg,442
143739.jpg,442
159922.jpg,442
001152.jpg,453
009318.jpg,453
011062.jpg,453
016735.jpg,453
038831.jpg,453
045562.jpg,453
046736.jpg,453
048532.jpg,453
057983.jpg,453
057997.jpg,453
067486.jpg,453
071115.jpg,453
077691.jpg,453
089360.jpg,453
095708.jpg,453
096345.jpg,453
111174.jpg,453
114111.jpg,453
114128.jpg,453
117954.jpg,453
151573.jpg,453
154743.jpg,453
001178.jpg,455
006617.jpg,455
009609.jpg,455
019372.jpg,455
019765.jpg,455
023290.jpg,455
024806.jpg,455
026263.jpg,455
031846.jpg,455
032541.jpg,455
038013.jpg,455
047735.jpg,455
070818.jpg,455
079828.jpg,455
080005.jpg,455
085025.jpg,455
112238.jpg,455
114794.jpg,455
130712.jpg,455
133844.jpg,455
143357.jpg,455
144969.jpg,455
158815.jpg,455
001346.jpg,496
012251.jpg,496
015671.jpg,496
015865.jpg,496
027216.jpg,496
029136.jpg,496
029845.jpg,496
030747.jpg,496
030848.jpg,496
037249.jpg,496
040902.jpg,496
042385.jpg,496
045654.jpg,496
051265.jpg,496
054490.jpg,496
056050.jpg,496
056440.jpg,496
060505.jpg,496
075563.jpg,496
088358.jpg,496
106813.jpg,496
111220.jpg,496
111251.jpg,496
116938.jpg,496
125407.jpg,496
134433.jpg,496
136052.jpg,496
143606.jpg,496
148565.jpg,496
150528.jpg,496
001162.jpg,534
002446.jpg,534
007681.jpg,534
012964.jpg,534
013258.jpg,534
025159.jpg,534
036191.jpg,534
047079.jpg,534
054247.jpg,534
054717.jpg,534
054856.jpg,534
069379.jpg,534
071523.jpg,534
075690.jpg,534
083161.jpg,534
084940.jpg,534
085552.jpg,534
093174.jpg,534
107036.jpg,534
112839.jpg,534
120787.jpg,534
122020.jpg,534
134026.jpg,534
142465.jpg,534
155536.jpg,534
156448.jpg,534
157700.jpg,534
158753.jpg,534
161612.jpg,534
162064.jpg,534
001453.jpg,552
008914.jpg,552
011279.jpg,552
014009.jpg,552
052244.jpg,552
052323.jpg,552
058893.jpg,552
063604.jpg,552
066290.jpg,552
071903.jpg,552
075974.jpg,552
084516.jpg,552
084854.jpg,552
090395.jpg,552
092480.jpg,552
102855.jpg,552
117178.jpg,552
120373.jpg,552
125688.jpg,552
153240.jpg,552
001293.jpg,576
007979.jpg,576
008522.jpg,576
009264.jpg,576
017841.jpg,576
022981.jpg,576
023110.jpg,576
026694.jpg,576
050191.jpg,576
050475.jpg,576
061427.jpg,576
062363.jpg,576
070615.jpg,576
074421.jpg,576
076134.jpg,576
082133.jpg,576
085904.jpg,576
087346.jpg,576
091788.jpg,576
101931.jpg,576
103281.jpg,576
112525.jpg,576
117117.jpg,576
123469.jpg,576
141592.jpg,576
148835.jpg,576
154604.jpg,576
001186.jpg,696
016519.jpg,696
025488.jpg,696
028558.jpg,696
032756.jpg,696
038413.jpg,696
039864.jpg,696
051793.jpg,696
066683.jpg,696
066851.jpg,696
070162.jpg,696
075031.jpg,696
076516.jpg,696
077469.jpg,696
090122.jpg,696
094340.jpg,696
097930.jpg,696
105517.jpg,696
118487.jpg,696
148399.jpg,696
148576.jpg,696
152433.jpg,696
153403.jpg,696
001177.jpg,741
002063.jpg,741
003213.jpg,741
004391.jpg,741
006160.jpg,741
028385.jpg,741
034627.jpg,741
044638.jpg,741
046013.jpg,741
054647.jpg,741
078799.jpg,741
092632.jpg,741
095872.jpg,741
109564.jpg,741
111460.jpg,741
133018.jpg,741
135217.jpg,741
137491.jpg,741
001142.jpg,765
006380.jpg,765
018010.jpg,765
026689.jpg,765
030790.jpg,765
033794.jpg,765
035031.jpg,765
038068.jpg,765
043948.jpg,765
058479.jpg,765
064028.jpg,765
074085.jpg,765
081972.jpg,765
089085.jpg,765
105833.jpg,765
115000.jpg,765
142134.jpg,765
144283.jpg,765
146607.jpg,765
152045.jpg,765
001404.jpg,799
025828.jpg,799
029602.jpg,799
045507.jpg,799
049251.jpg,799
053191.jpg,799
057517.jpg,799
059207.jpg,799
073245.jpg,799
079350.jpg,799
080446.jpg,799
092256.jpg,799
092658.jpg,799
097313.jpg,799
112841.jpg,799
115820.jpg,799
138993.jpg,799
144132.jpg,799
146208.jpg,799
153380.jpg,799
155786.jpg,799
156165.jpg,799
001326.jpg,814
002501.jpg,814
009667.jpg,814
011913.jpg,814
018403.jpg,814
021747.jpg,814
030242.jpg,814
032331.jpg,814
053721.jpg,814
063167.jpg,814
077246.jpg,814
085424.jpg,814
089084.jpg,814
092910.jpg,814
094799.jpg,814
105210.jpg,814
111552.jpg,814
113098.jpg,814
120894.jpg,814
124227.jpg,814
129855.jpg,814
143814.jpg,814
147176.jpg,814
149750.jpg,814
150065.jpg,814
156976.jpg,814
001413.jpg,818
013072.jpg,818
015653.jpg,818
022309.jpg,818
022510.jpg,818
030178.jpg,818
048198.jpg,818
059326.jpg,818
064324.jpg,818
065043.jpg,818
065363.jpg,818
068627.jpg,818
071018.jpg,818
074015.jpg,818
074258.jpg,818
077877.jpg,818
080297.jpg,818
088275.jpg,818
096081.jpg,818
098054.jpg,818
102132.jpg,818
122589.jpg,818
124223.jpg,818
125081.jpg,818
127630.jpg,818
130829.jpg,818
144410.jpg,818
148562.jpg,818
150931.jpg,818
001304.jpg,852
005060.jpg,852
019582.jpg,852
026968.jpg,852
038459.jpg,852
044224.jpg,852
049240.jpg,852
058160.jpg,852
061628.jpg,852
062441.jpg,852
084638.jpg,852
095522.jpg,852
100748.jpg,852
105332.jpg,852
119580.jpg,852
124279.jpg,852
127023.jpg,852
129198.jpg,852
131133.jpg,852
133085.jpg,852
152664.jpg,852
001412.jpg,890
025193.jpg,890
026473.jpg,890
042979.jpg,890
055955.jpg,890
060681.jpg,890
063397.jpg,890
066490.jpg,890
079218.jpg,890
081104.jpg,890
091018.jpg,890
091628.jpg,890
093476.jpg,890
094888.jpg,890
103101.jpg,890
110606.jpg,890
111444.jpg,890
124133.jpg,890
135226.jpg,890
148349.jpg,890
001408.jpg,943
001788.jpg,943
002112.jpg,943
011419.jpg,943
016326.jpg,943
020330.jpg,943
026727.jpg,943
036750.jpg,943
043202.jpg,943
046562.jpg,943
049443.jpg,943
054841.jpg,943
054993.jpg,943
055963.jpg,943
061224.jpg,943
069119.jpg,943
070419.jpg,943
081435.jpg,943
090231.jpg,943
090795.jpg,943
118499.jpg,943
124166.jpg,943
128894.jpg,943
139063.jpg,943
143418.jpg,943
144455.jpg,943
144800.jpg,943
148740.jpg,943
160705.jpg,943
001332.jpg,992
011463.jpg,992
014565.jpg,992
015109.jpg,992
023878.jpg,992
032571.jpg,992
043739.jpg,992
045113.jpg,992
051011.jpg,992
063511.jpg,992
063972.jpg,992
079476.jpg,992
081342.jpg,992
095482.jpg,992
102730.jpg,992
104839.jpg,992
114254.jpg,992
114353.jpg,992
122730.jpg,992
125086.jpg,992
125698.jpg,992
130108.jpg,992
133409.jpg,992
133659.jpg,992
135087.jpg,992
136651.jpg,992
136690.jpg,992
145900.jpg,992
150978.jpg,992
159327.jpg,992
001132.jpg,995
085400.jpg,995
099002.jpg,995
129706.jpg,995
001244.jpg,997
009152.jpg,997
016634.jpg,997
018473.jpg,997
020408.jpg,997
027001.jpg,997
031623.jpg,997
044205.jpg,997
051293.jpg,997
059227.jpg,997
060324.jpg,997
064010.jpg,997
072741.jpg,997
073171.jpg,997
080200.jpg,997
080258.jpg,997
084961.jpg,997
085011.jpg,997
085439.jpg,997
090416.jpg,997
091798.jpg,997
094196.jpg,997
102186.jpg,997
104311.jpg,997
104718.jpg,997
110072.jpg,997
115517.jpg,997
129163.jpg,997
143160.jpg,997
151716.jpg,997
001245.jpg,1029
011720.jpg,1029
029175.jpg,1029
029749.jpg,1029
032712.jpg,1029
036239.jpg,1029
036815.jpg,1029
037974.jpg,1029
040114.jpg,1029
043724.jpg,1029
045033.jpg,1029
049054.jpg,1029
051783.jpg,1029
070791.jpg,1029
088981.jpg,1029
098590.jpg,1029
108337.jpg,1029
122556.jpg,1029
123037.jpg,1029
133168.jpg,1029
142189.jpg,1029
152372.jpg,1029
001378.jpg,1034
004325.jpg,1034
005011.jpg,1034
013296.jpg,1034
017023.jpg,1034
020386.jpg,1034
025356.jpg,1034
032355.jpg,1034
039889.jpg,1034
049001.jpg,1034
055717.jpg,1034
058913.jpg,1034
063788.jpg,1034
067408.jpg,1034
071006.jpg,1034
083437.jpg,1034
088666.jpg,1034
095306.jpg,1034
095502.jpg,1034
095574.jpg,1034
103308.jpg,1034
117934.jpg,1034
125973.jpg,1034
129233.jpg,1034
129979.jpg,1034
135187.jpg,1034
136005.jpg,1034
137573.jpg,1034
142198.jpg,1034
155979.jpg,1034
001325.jpg,1068
008976.jpg,1068
011407.jpg,1068
021908.jpg,1068
031170.jpg,1068
031357.jpg,1068
042259.jpg,1068
051009.jpg,1068
058077.jpg,1068
062398.jpg,1068
065314.jpg,1068
071021.jpg,1068
077971.jpg,1068
085526.jpg,1068
094109.jpg,1068
095354.jpg,1068
096683.jpg,1068
097607.jpg,1068
109661.jpg,1068
113560.jpg,1068
113760.jpg,1068
116254.jpg,1068
134396.jpg,1068
149622.jpg,1068
153683.jpg,1068
001170.jpg,1069
022300.jpg,1069
029209.jpg,1069
029825.jpg,1069
040965.jpg,1069
042646.jpg,1069
044566.jpg,1069
053922.jpg,1069
060414.jpg,1069
094507.jpg,1069
100784.jpg,1069
102895.jpg,1069
104428.jpg,1069
118990.jpg,1069
119441.jpg,1069
124734.jpg,1069
126561.jpg,1069
131642.jpg,1069
137439.jpg,1069
141406.jpg,1069
146895.jpg,1069
162209.jpg,1069
001361.jpg,1121
021620.jpg,1121
038761.jpg,1121
072246.jpg,1121
074547.jpg,1121
080993.jpg,1121
081941.jpg,1121
082360.jpg,1121
091882.jpg,1121
098296.jpg,1121
098758.jpg,1121
101133.jpg,1121
114182.jpg,1121
115685.jpg,1121
116330.jpg,1121
127751.jpg,1121
128836.jpg,1121
146856.jpg,1121
153080.jpg,1121
156371.jpg,1121
160287.jpg,1121
001118.jpg,1152
005332.jpg,1152
027946.jpg,1152
028471.jpg,1152
034155.jpg,1152
042942.jpg,1152
050536.jpg,1152
064844.jpg,1152
083252.jpg,1152
086785.jpg,1152
088574.jpg,1152
104194.jpg,1152
109008.jpg,1152
136687.jpg,1152
138856.jpg,1152
139300.jpg,1152
145327.jpg,1152
155089.jpg,1152
157075.jpg,1152
161603.jpg,1152
161734.jpg,1152
001117.jpg,1159
025355.jpg,1159
044396.jpg,1159
051199.jpg,1159
073121.jpg,1159
073475.jpg,1159
075593.jpg,1159
106064.jpg,1159
107639.jpg,1159
109538.jpg,1159
112952.jpg,1159
117551.jpg,1159
132050.jpg,1159
141369.jpg,1159
160268.jpg,1159
001100.jpg,1183
008781.jpg,1183
021362.jpg,1183
027132.jpg,1183
028434.jpg,1183
033303.jpg,1183
036397.jpg,1183
044613.jpg,1183
048010.jpg,1183
054059.jpg,1183
067277.jpg,1183
073801.jpg,1183
077100.jpg,1183
079764.jpg,1183
085603.jpg,1183
112366.jpg,1183
118824.jpg,1183
124107.jpg,1183
154056.jpg,1183
160313.jpg,1183
001210.jpg,1281
003916.jpg,1281
005735.jpg,1281
005884.jpg,1281
014469.jpg,1281
014809.jpg,1281
014868.jpg,1281
017429.jpg,1281
018827.jpg,1281
025027.jpg,1281
041778.jpg,1281
047819.jpg,1281
049663.jpg,1281
053037.jpg,1281
059580.jpg,1281
062584.jpg,1281
068686.jpg,1281
071416.jpg,1281
071478.jpg,1281
093445.jpg,1281
100314.jpg,1281
103547.jpg,1281
104986.jpg,1281
115328.jpg,1281
134388.jpg,1281
135696.jpg,1281
136148.jpg,1281
141979.jpg,1281
153601.jpg,1281
156600.jpg,1281
001277.jpg,1289
005334.jpg,1289
007218.jpg,1289
012715.jpg,1289
022478.jpg,1289
030402.jpg,1289
036392.jpg,1289
047650.jpg,1289
049082.jpg,1289
057001.jpg,1289
059039.jpg,1289
066546.jpg,1289
067104.jpg,1289
067628.jpg,1289
069921.jpg,1289
071466.jpg,1289
074162.jpg,1289
077855.jpg,1289
079711.jpg,1289
086093.jpg,1289
088051.jpg,1289
094810.jpg,1289
095659.jpg,1289
100158.jpg,1289
119554.jpg,1289
126718.jpg,1289
133800.jpg,1289
142020.jpg,1289
149020.jpg,1289
154335.jpg,1289
001184.jpg,1373
006410.jpg,1373
019278.jpg,1373
019337.jpg,1373
022137.jpg,1373
028026.jpg,1373
028698.jpg,1373
032336.jpg,1373
033134.jpg,1373
037575.jpg,1373
041426.jpg,1373
042594.jpg,1373
046427.jpg,1373
050524.jpg,1373
051129.jpg,1373
053012.jpg,1373
053088.jpg,1373
054280.jpg,1373
058254.jpg,1373
058319.jpg,1373
059668.jpg,1373
060571.jpg,1373
063911.jpg,1373
075941.jpg,1373
076693.jpg,1373
105182.jpg,1373
114905.jpg,1373
133355.jpg,1373
151951.jpg,1373
156512.jpg,1373
001429.jpg,1374
009275.jpg,1374
011764.jpg,1374
042222.jpg,1374
042456.jpg,1374
046320.jpg,1374
064884.jpg,1374
072638.jpg,1374
074039.jpg,1374
075250.jpg,1374
088156.jpg,1374
098121.jpg,1374
114958.jpg,1374
120311.jpg,1374
122302.jpg,1374
124520.jpg,1374
128858.jpg,1374
135609.jpg,1374
145626.jpg,1374
145871.jpg,1374
001338.jpg,1421
013499.jpg,1421
013963.jpg,1421
029304.jpg,1421
029815.jpg,1421
033873.jpg,1421
040485.jpg,1421
060777.jpg,1421
069927.jpg,1421
074040.jpg,1421
079588.jpg,1421
098162.jpg,1421
098837.jpg,1421
105076.jpg,1421
106160.jpg,1421
119084.jpg,1421
123177.jpg,1421
128789.jpg,1421
130815.jpg,1421
146299.jpg,1421
147844.jpg,1421
001315.jpg,1425
005637.jpg,1425
008774.jpg,1425
015845.jpg,1425
019080.jpg,1425
021778.jpg,1425
056496.jpg,1425
076153.jpg,1425
079402.jpg,1425
086432.jpg,1425
086936.jpg,1425
090132.jpg,1425
090820.jpg,1425
102173.jpg,1425
125738.jpg,1425
125981.jpg,1425
128814.jpg,1425
130996.jpg,1425
137485.jpg,1425
143277.jpg,1425
150891.jpg,1425
153443.jpg,1425
155283.jpg,1425
159110.jpg,1425
162740.jpg,1425
001224.jpg,1467
003497.jpg,1467
008710.jpg,1467
009919.jpg,1467
013665.jpg,1467
017687.jpg,1467
023793.jpg,1467
025444.jpg,1467
047665.jpg,1467
053131.jpg,1467
054846.jpg,1467
055442.jpg,1467
060150.jpg,1467
082408.jpg,1467
087051.jpg,1467
093925.jpg,1467
095661.jpg,1467
105602.jpg,1467
112024.jpg,1467
115841.jpg,1467
120470.jpg,1467
125750.jpg,1467
128644.jpg,1467
140679.jpg,1467
145295.jpg,1467
147250.jpg,1467
149855.jpg,1467
151140.jpg,1467
156044.jpg,1467
161212.jpg,1467
001446.jpg,1512
003390.jpg,1512
015585.jpg,1512
028527.jpg,1512
038203.jpg,1512
038574.jpg,1512
070095.jpg,1512
071662.jpg,1512
078373.jpg,1512
085938.jpg,1512
092030.jpg,1512
097636.jpg,1512
102501.jpg,1512
107767.jpg,1512
114953.jpg,1512
117567.jpg,1512
119702.jpg,1512
121479.jpg,1512
123573.jpg,1512
124688.jpg,1512
001440.jpg,1524
011381.jpg,1524
011420.jpg,1524
013582.jpg,1524
021989.jpg,1524
027517.jpg,1524
028967.jpg,1524
036726.jpg,1524
040328.jpg,1524
046112.jpg,1524
049120.jpg,1524
053348.jpg,1524
053887.jpg,1524
058006.jpg,1524
061580.jpg,1524
063798.jpg,1524
064946.jpg,1524
066090.jpg,1524
069348.jpg,1524
070580.jpg,1524
087816.jpg,1524
096566.jpg,1524
100398.jpg,1524
103310.jpg,1524
105938.jpg,1524
117097.jpg,1524
149196.jpg,1524
153288.jpg,1524
155551.jpg,1524
158001.jpg,1524
001323.jpg,1525
006978.jpg,1525
007859.jpg,1525
018594.jpg,1525
022969.jpg,1525
042645.jpg,1525
047487.jpg,1525
048319.jpg,1525
052593.jpg,1525
056770.jpg,1525
062771.jpg,1525
080765.jpg,1525
080785.jpg,1525
090448.jpg,1525
090454.jpg,1525
093792.jpg,1525
100980.jpg,1525
108528.jpg,1525
111983.jpg,1525
130643.jpg,1525
138667.jpg,1525
146470.jpg,1525
151502.jpg,1525
001266.jpg,1541
009462.jpg,1541
023515.jpg,1541
028004.jpg,1541
046599.jpg,1541
047355.jpg,1541
048709.jpg,1541
058377.jpg,1541
060842.jpg,1541
066261.jpg,1541
074065.jpg,1541
075981.jpg,1541
084360.jpg,1541
086692.jpg,1541
091729.jpg,1541
096494.jpg,1541
104752.jpg,1541
128479.jpg,1541
148397.jpg,1541
157499.jpg,1541
